temperature,humidity,soil_moisture,nitrogen,phosphorus,potassium
20.533309442064834,75.65907624604573,40.08589281573544,95.61907359110812,36.06267621661554,83.14673855984236
22.601464725498804,44.43100638152468,44.74093319080544,55.8910741140219,80.88413697089439,109.37440737810364
23.00039004176038,50.200247548666056,27.582619538047396,94.01625779501785,51.6300289007222,62.09456978706795
34.73757435990115,70.65096693783046,74.50801549089459,71.8355719085417,96.69143460628314,85.2360698327175
20.155305077765274,34.743482227444254,50.008744477612225,75.97225021072975,68.36723576084916,69.00845288980803
34.819090430191885,73.02004906437698,52.98933380249242,35.79241177634663,59.23971842525654,107.61326096630843
